order_id,order_date,customer_id,product_category,quantity,unit_price,total_amount
1,2024-01-01,1051,Clothing,1,409.26,409.26
2,2024-01-02,1092,Electronics,7,145.86,1021.02
3,2024-01-03,1014,Furniture,7,410.01,2870.07
4,2024-01-04,1071,Groceries,2,268.14,536.28
5,2024-01-05,1060,Clothing,2,440.53,881.06
6,2024-01-06,1020,Electronics,1,289.52,289.52
7,2024-01-07,1082,Books,8,19.69,157.52
8,2024-01-08,1086,Furniture,8,339.33,2714.64
9,2024-01-09,1074,Clothing,1,27.2,27.2
10,2024-01-10,1074,Clothing,8,228.05,1824.4
11,2024-01-11,1087,Groceries,9,465.07,4185.63
12,2024-01-12,1099,Groceries,4,86.78,347.12
13,2024-01-13,1023,Books,1,197.99,197.99
14,2024-01-14,1002,Books,1,366.28,366.28
15,2024-01-15,1021,Electronics,3,441.72,1325.16
16,2024-01-16,1052,Electronics,5,337.12,1685.6
17,2024-01-17,1001,Books,5,132.8,664.0
18,2024-01-18,1087,Books,9,338.93,3050.37
19,2024-01-19,1029,Furniture,2,151.88,303.76
20,2024-01-20,1037,Groceries,2,360.62,721.24
21,2024-01-21,1001,Electronics,6,477.25,2863.5
22,2024-01-22,1063,Groceries,9,362.09,3258.81
23,2024-01-23,1059,Groceries,1,432.13,432.13
24,2024-01-24,1020,Books,9,6.04,54.36
25,2024-01-25,1032,Furniture,9,360.2,3241.8
26,2024-01-26,1075,Clothing,9,415.65,3740.85
27,2024-01-27,1057,Furniture,5,25.08,125.4
28,2024-01-28,1021,Furniture,9,436.44,3927.96
29,2024-01-29,1088,Groceries,4,132.06,528.24
30,2024-01-30,1048,Furniture,2,334.32,668.64
31,2024-01-31,1090,Electronics,6,401.18,2407.08
32,2024-02-01,1058,Groceries,4,333.02,1332.08
33,2024-02-02,1041,Electronics,6,50.68,304.08
34,2024-02-03,1091,Clothing,3,300.18,900.54
35,2024-02-04,1059,Groceries,6,277.04,1662.24
36,2024-02-05,1079,Clothing,2,450.66,901.32
37,2024-02-06,1014,Groceries,2,205.1,410.2
38,2024-02-07,1061,Books,9,163.94,1475.46
39,2024-02-08,1061,Furniture,7,376.18,2633.26
40,2024-02-09,1046,Books,3,209.27,627.81
41,2024-02-10,1061,Clothing,1,324.82,324.82
42,2024-02-11,1050,Furniture,8,324.99,2599.92
43,2024-02-12,1054,Groceries,6,444.58,2667.48
44,2024-02-13,1063,Furniture,7,301.35,2109.45
45,2024-02-14,1002,Electronics,9,253.57,2282.13
46,2024-02-15,1050,Furniture,5,73.74,368.7
47,2024-02-16,1006,Electronics,1,62.29,62.29
48,2024-02-17,1020,Furniture,7,81.39,569.73
49,2024-02-18,1072,Electronics,5,90.06,450.3
50,2024-02-19,1038,Clothing,3,320.75,962.25
51,2024-02-20,1017,Books,9,371.79,3346.11
52,2024-02-21,1003,Groceries,1,267.35,267.35
53,2024-02-22,1088,Furniture,1,415.36,415.36
54,2024-02-23,1059,Books,1,495.68,495.68
55,2024-02-24,1013,Groceries,3,410.91,1232.73
56,2024-02-25,1008,Groceries,6,348.97,2093.82
57,2024-02-26,1089,Electronics,3,268.58,805.74
58,2024-02-27,1052,Clothing,8,227.18,1817.44
59,2024-02-28,1001,Clothing,2,46.77,93.54
60,2024-02-29,1083,Books,9,202.69,1824.21
61,2024-03-01,1091,Clothing,3,455.52,1366.56
62,2024-03-02,1059,Furniture,5,404.97,2024.85
63,2024-03-03,1070,Clothing,8,111.95,895.6
64,2024-03-04,1043,Books,2,235.97,471.94
65,2024-03-05,1007,Clothing,6,409.28,2455.68
66,2024-03-06,1046,Furniture,5,38.36,191.8
67,2024-03-07,1034,Electronics,9,196.76,1770.84
68,2024-03-08,1077,Books,5,426.66,2133.3
69,2024-03-09,1080,Electronics,2,204.93,409.86
70,2024-03-10,1035,Electronics,5,43.42,217.1
71,2024-03-11,1049,Electronics,4,273.55,1094.2
72,2024-03-12,1003,Groceries,7,431.56,3020.92
73,2024-03-13,1001,Groceries,6,297.19,1783.14
74,2024-03-14,1005,Electronics,2,117.01,234.02
75,2024-03-15,1053,Books,5,195.2,976.0
76,2024-03-16,1003,Furniture,7,227.81,1594.67
77,2024-03-17,1053,Furniture,7,291.74,2042.18
78,2024-03-18,1092,Clothing,5,380.88,1904.4
79,2024-03-19,1062,Books,9,53.94,485.46
80,2024-03-20,1017,Groceries,4,445.38,1781.52
81,2024-03-21,1089,Electronics,3,11.09,33.27
82,2024-03-22,1043,Clothing,4,188.18,752.72
83,2024-03-23,1033,Furniture,5,18.57,92.85
84,2024-03-24,1073,Groceries,6,199.52,1197.12
85,2024-03-25,1061,Groceries,3,265.28,795.84
86,2024-03-26,1099,Electronics,2,258.28,516.56
87,2024-03-27,1013,Furniture,4,86.99,347.96
88,2024-03-28,1094,Books,5,324.64,1623.2
89,2024-03-29,1047,Groceries,4,27.17,108.68
90,2024-03-30,1014,Electronics,3,382.14,1146.42
91,2024-03-31,1071,Books,8,473.59,3788.72
92,2024-04-01,1077,Furniture,4,173.19,692.76
93,2024-04-02,1086,Groceries,2,261.03,522.06
94,2024-04-03,1061,Books,2,192.56,385.12
95,2024-04-04,1039,Books,1,8.32,8.32
96,2024-04-05,1084,Books,4,196.01,784.04
97,2024-04-06,1079,Groceries,9,396.9,3572.1
98,2024-04-07,1081,Groceries,7,300.01,2100.07
99,2024-04-08,1052,Clothing,7,55.12,385.84
100,2024-04-09,1023,Furniture,7,424.33,2970.31
101,2024-04-10,1025,Electronics,8,267.89,2143.12
102,2024-04-11,1088,Books,1,421.65,421.65
103,2024-04-12,1059,Clothing,8,292.21,2337.68
104,2024-04-13,1040,Electronics,4,282.05,1128.2
105,2024-04-14,1028,Clothing,4,57.1,228.4
106,2024-04-15,1014,Groceries,4,87.84,351.36
107,2024-04-16,1044,Books,6,486.15,2916.9
108,2024-04-17,1064,Electronics,7,118.1,826.7
109,2024-04-18,1088,Electronics,6,488.84,2933.04
110,2024-04-19,1070,Electronics,1,268.3,268.3
111,2024-04-20,1008,Electronics,8,72.22,577.76
112,2024-04-21,1087,Electronics,7,54.15,379.05
113,2024-04-22,1000,Clothing,6,108.39,650.34
114,2024-04-23,1007,Books,6,463.19,2779.14
115,2024-04-24,1087,Groceries,5,210.0,1050.0
116,2024-04-25,1062,Groceries,6,200.74,1204.44
117,2024-04-26,1010,Groceries,9,160.04,1440.36
118,2024-04-27,1080,Groceries,9,77.8,700.2
119,2024-04-28,1007,Clothing,8,246.49,1971.92
120,2024-04-29,1034,Furniture,9,69.37,624.33
121,2024-04-30,1034,Books,8,418.56,3348.48
122,2024-05-01,1032,Electronics,8,188.35,1506.8
123,2024-05-02,1004,Furniture,1,190.53,190.53
124,2024-05-03,1040,Groceries,5,239.63,1198.15
125,2024-05-04,1027,Furniture,4,224.84,899.36
126,2024-05-05,1006,Books,2,497.45,994.9
127,2024-05-06,1072,Electronics,8,274.96,2199.68
128,2024-05-07,1071,Electronics,3,48.66,145.98
129,2024-05-08,1011,Books,4,305.4,1221.6
130,2024-05-09,1033,Books,7,80.03,560.21
131,2024-05-10,1032,Groceries,9,20.31,182.79
132,2024-05-11,1047,Electronics,2,485.52,971.04
133,2024-05-12,1022,Furniture,3,387.9,1163.7
134,2024-05-13,1061,Clothing,4,490.15,1960.6
135,2024-05-14,1087,Clothing,1,241.55,241.55
136,2024-05-15,1036,Books,7,268.47,1879.29
137,2024-05-16,1098,Groceries,2,88.33,176.66
138,2024-05-17,1043,Clothing,5,127.22,636.1
139,2024-05-18,1085,Electronics,1,420.08,420.08
140,2024-05-19,1090,Books,3,181.31,543.93
141,2024-05-20,1034,Furniture,2,414.27,828.54
142,2024-05-21,1064,Books,1,355.96,355.96
143,2024-05-22,1098,Furniture,7,92.7,648.9
144,2024-05-23,1046,Books,5,256.19,1280.95
145,2024-05-24,1077,Books,1,340.31,340.31
146,2024-05-25,1002,Books,6,121.34,728.04
147,2024-05-26,1000,Furniture,5,416.19,2080.95
148,2024-05-27,1004,Furniture,3,274.69,824.07
149,2024-05-28,1089,Books,7,86.79,607.53
150,2024-05-29,1013,Clothing,9,293.58,2642.22
151,2024-05-30,1026,Groceries,9,499.86,4498.74
152,2024-05-31,1008,Groceries,9,79.51,715.59
153,2024-06-01,1078,Groceries,2,409.29,818.58
154,2024-06-02,1014,Furniture,3,107.62,322.86
155,2024-06-03,1089,Furniture,7,392.28,2745.96
156,2024-06-04,1041,Clothing,5,368.62,1843.1
157,2024-06-05,1076,Groceries,2,153.74,307.48
158,2024-06-06,1050,Groceries,3,166.28,498.84
159,2024-06-07,1062,Books,6,397.3,2383.8
160,2024-06-08,1095,Furniture,7,233.42,1633.94
161,2024-06-09,1051,Groceries,9,366.75,3300.75
162,2024-06-10,1095,Clothing,1,78.25,78.25
163,2024-06-11,1003,Clothing,7,427.02,2989.14
164,2024-06-12,1093,Groceries,8,356.89,2855.12
165,2024-06-13,1022,Furniture,3,453.94,1361.82
166,2024-06-14,1014,Clothing,4,70.52,282.08
167,2024-06-15,1042,Books,6,298.54,1791.24
168,2024-06-16,1028,Clothing,7,301.56,2110.92
169,2024-06-17,1035,Electronics,4,179.96,719.84
170,2024-06-18,1012,Electronics,8,231.94,1855.52
171,2024-06-19,1031,Furniture,5,23.8,119.0
172,2024-06-20,1070,Groceries,1,374.2,374.2
173,2024-06-21,1058,Furniture,4,276.91,1107.64
174,2024-06-22,1085,Furniture,3,33.58,100.74
175,2024-06-23,1027,Furniture,9,341.97,3077.73
176,2024-06-24,1065,Furniture,8,236.06,1888.48
177,2024-06-25,1041,Books,1,22.06,22.06
178,2024-06-26,1044,Books,6,484.96,2909.76
179,2024-06-27,1061,Clothing,9,474.81,4273.29
180,2024-06-28,1056,Electronics,7,258.89,1812.23
181,2024-06-29,1005,Furniture,4,51.37,205.48
182,2024-06-30,1027,Clothing,1,378.54,378.54
183,2024-07-01,1027,Electronics,2,248.51,497.02
184,2024-07-02,1043,Groceries,5,154.71,773.55
185,2024-07-03,1083,Books,5,248.25,1241.25
186,2024-07-04,1029,Electronics,8,263.61,2108.88
187,2024-07-05,1061,Groceries,6,283.54,1701.24
188,2024-07-06,1074,Electronics,8,223.41,1787.28
189,2024-07-07,1091,Books,2,304.85,609.7
190,2024-07-08,1088,Books,3,459.77,1379.31
191,2024-07-09,1061,Clothing,6,184.32,1105.92
192,2024-07-10,1096,Furniture,3,364.23,1092.69
193,2024-07-11,1000,Electronics,6,447.75,2686.5
194,2024-07-12,1026,Electronics,6,230.71,1384.26
195,2024-07-13,1061,Groceries,2,224.51,449.02
196,2024-07-14,1076,Books,7,303.05,2121.35
197,2024-07-15,1002,Electronics,2,297.75,595.5
198,2024-07-16,1069,Books,6,404.26,2425.56
199,2024-07-17,1071,Electronics,1,240.86,240.86
200,2024-07-18,1026,Clothing,3,498.08,1494.24
201,2024-07-19,1008,Furniture,2,34.44,68.88
202,2024-07-20,1061,Electronics,7,6.57,45.99
203,2024-07-21,1036,Books,4,321.9,1287.6
204,2024-07-22,1096,Clothing,8,152.73,1221.84
205,2024-07-23,1050,Electronics,6,123.99,743.94
206,2024-07-24,1043,Groceries,4,159.39,637.56
207,2024-07-25,1023,Furniture,5,131.74,658.7
208,2024-07-26,1078,Electronics,9,20.24,182.16
209,2024-07-27,1058,Clothing,7,485.91,3401.37
210,2024-07-28,1031,Groceries,9,114.27,1028.43
211,2024-07-29,1095,Clothing,7,368.34,2578.38
212,2024-07-30,1087,Clothing,1,382.49,382.49
213,2024-07-31,1051,Groceries,8,464.98,3719.84
214,2024-08-01,1061,Clothing,4,20.12,80.48
215,2024-08-02,1057,Groceries,3,436.66,1309.98
216,2024-08-03,1051,Electronics,7,265.98,1861.86
217,2024-08-04,1011,Groceries,3,318.11,954.33
218,2024-08-05,1038,Groceries,8,324.01,2592.08
219,2024-08-06,1001,Furniture,6,410.8,2464.8
220,2024-08-07,1002,Groceries,5,170.04,850.2
221,2024-08-08,1055,Groceries,4,367.86,1471.44
222,2024-08-09,1080,Electronics,8,266.65,2133.2
223,2024-08-10,1058,Furniture,8,397.73,3181.84
224,2024-08-11,1001,Books,1,495.32,495.32
225,2024-08-12,1001,Electronics,9,104.32,938.88
226,2024-08-13,1091,Electronics,5,497.35,2486.75
227,2024-08-14,1053,Books,4,49.46,197.84
228,2024-08-15,1086,Groceries,6,6.15,36.9
229,2024-08-16,1095,Clothing,6,26.86,161.16
230,2024-08-17,1096,Furniture,2,174.18,348.36
231,2024-08-18,1000,Clothing,8,318.29,2546.32
232,2024-08-19,1018,Books,7,39.17,274.19
233,2024-08-20,1001,Electronics,1,7.8,7.8
234,2024-08-21,1052,Electronics,5,468.86,2344.3
235,2024-08-22,1043,Furniture,6,411.85,2471.1
236,2024-08-23,1089,Electronics,4,405.55,1622.2
237,2024-08-24,1031,Electronics,2,442.79,885.58
238,2024-08-25,1069,Furniture,4,351.52,1406.08
239,2024-08-26,1031,Furniture,1,56.68,56.68
240,2024-08-27,1067,Books,7,202.55,1417.85
241,2024-08-28,1054,Electronics,2,362.96,725.92
242,2024-08-29,1074,Electronics,2,143.77,287.54
243,2024-08-30,1055,Books,9,345.27,3107.43
244,2024-08-31,1016,Groceries,5,17.13,85.65
245,2024-09-01,1037,Groceries,2,156.54,313.08
246,2024-09-02,1023,Groceries,9,276.82,2491.38
247,2024-09-03,1068,Books,9,317.88,2860.92
248,2024-09-04,1097,Electronics,1,290.64,290.64
249,2024-09-05,1069,Books,3,350.39,1051.17
250,2024-09-06,1085,Books,4,8.01,32.04
251,2024-09-07,1010,Groceries,7,54.97,384.79
252,2024-09-08,1015,Clothing,4,435.13,1740.52
253,2024-09-09,1096,Electronics,2,342.47,684.94
254,2024-09-10,1072,Groceries,7,60.9,426.3
255,2024-09-11,1058,Clothing,6,421.83,2530.98
256,2024-09-12,1069,Clothing,3,124.9,374.7
257,2024-09-13,1079,Furniture,6,241.74,1450.44
258,2024-09-14,1092,Electronics,6,76.87,461.22
259,2024-09-15,1002,Clothing,5,356.5,1782.5
260,2024-09-16,1019,Groceries,4,335.09,1340.36
261,2024-09-17,1058,Furniture,1,109.5,109.5
262,2024-09-18,1035,Electronics,6,432.38,2594.28
263,2024-09-19,1018,Books,2,203.65,407.3
264,2024-09-20,1089,Groceries,3,149.79,449.37
265,2024-09-21,1066,Clothing,8,80.4,643.2
266,2024-09-22,1018,Clothing,6,136.75,820.5
267,2024-09-23,1019,Groceries,3,15.9,47.7
268,2024-09-24,1095,Clothing,7,293.71,2055.97
269,2024-09-25,1070,Furniture,4,421.9,1687.6
270,2024-09-26,1051,Electronics,9,276.75,2490.75
271,2024-09-27,1032,Furniture,5,113.54,567.7
272,2024-09-28,1039,Clothing,3,21.67,65.01
273,2024-09-29,1038,Books,2,111.24,222.48
274,2024-09-30,1081,Electronics,2,210.98,421.96
275,2024-10-01,1000,Electronics,3,381.01,1143.03
276,2024-10-02,1010,Groceries,2,97.98,195.96
277,2024-10-03,1091,Groceries,4,361.3,1445.2
278,2024-10-04,1056,Books,2,434.13,868.26
279,2024-10-05,1088,Electronics,9,229.7,2067.3
280,2024-10-06,1049,Books,2,411.61,823.22
281,2024-10-07,1022,Groceries,9,279.56,2516.04
282,2024-10-08,1030,Groceries,6,320.36,1922.16
283,2024-10-09,1093,Electronics,1,265.51,265.51
284,2024-10-10,1041,Furniture,4,234.27,937.08
285,2024-10-11,1098,Clothing,1,121.15,121.15
286,2024-10-12,1006,Groceries,6,155.08,930.48
287,2024-10-13,1015,Groceries,4,148.54,594.16
288,2024-10-14,1089,Furniture,3,283.83,851.49
289,2024-10-15,1059,Furniture,3,64.38,193.14
290,2024-10-16,1001,Books,9,458.81,4129.29
291,2024-10-17,1000,Books,6,361.72,2170.32
292,2024-10-18,1047,Clothing,9,203.72,1833.48
293,2024-10-19,1011,Clothing,5,83.52,417.6
294,2024-10-20,1068,Electronics,2,441.59,883.18
295,2024-10-21,1036,Books,8,412.77,3302.16
296,2024-10-22,1031,Groceries,5,362.25,1811.25
297,2024-10-23,1008,Books,2,139.42,278.84
298,2024-10-24,1098,Groceries,4,204.21,816.84
299,2024-10-25,1018,Furniture,9,55.86,502.74
300,2024-10-26,1047,Books,4,98.57,394.28
301,2024-10-27,1079,Furniture,4,392.59,1570.36
302,2024-10-28,1002,Clothing,2,358.94,717.88
303,2024-10-29,1019,Clothing,6,298.78,1792.68
304,2024-10-30,1023,Electronics,2,448.38,896.76
305,2024-10-31,1053,Books,7,293.72,2056.04
306,2024-11-01,1032,Furniture,3,236.15,708.45
307,2024-11-02,1023,Groceries,3,173.48,520.44
308,2024-11-03,1074,Clothing,5,470.52,2352.6
309,2024-11-04,1071,Clothing,3,45.94,137.82
310,2024-11-05,1035,Groceries,2,465.79,931.58
311,2024-11-06,1037,Furniture,9,414.22,3727.98
312,2024-11-07,1083,Furniture,2,69.32,138.64
313,2024-11-08,1098,Books,2,284.67,569.34
314,2024-11-09,1088,Books,8,433.94,3471.52
315,2024-11-10,1098,Electronics,9,288.05,2592.45
316,2024-11-11,1024,Clothing,7,454.06,3178.42
317,2024-11-12,1092,Books,3,471.78,1415.34
318,2024-11-13,1017,Furniture,9,214.08,1926.72
319,2024-11-14,1081,Groceries,3,191.77,575.31
320,2024-11-15,1065,Furniture,5,468.48,2342.4
321,2024-11-16,1053,Clothing,9,339.19,3052.71
322,2024-11-17,1034,Furniture,3,62.43,187.29
323,2024-11-18,1079,Electronics,7,25.93,181.51
324,2024-11-19,1060,Clothing,1,284.49,284.49
325,2024-11-20,1040,Groceries,4,465.43,1861.72
326,2024-11-21,1099,Electronics,4,422.9,1691.6
327,2024-11-22,1032,Clothing,7,339.54,2376.78
328,2024-11-23,1067,Groceries,8,73.86,590.88
329,2024-11-24,1032,Electronics,1,130.84,130.84
330,2024-11-25,1013,Electronics,5,438.38,2191.9
331,2024-11-26,1020,Clothing,7,95.49,668.43
332,2024-11-27,1047,Books,4,142.83,571.32
333,2024-11-28,1019,Electronics,4,69.15,276.6
334,2024-11-29,1007,Electronics,4,339.67,1358.68
335,2024-11-30,1006,Groceries,6,472.27,2833.62
336,2024-12-01,1066,Furniture,7,138.14,966.98
337,2024-12-02,1016,Clothing,2,240.33,480.66
338,2024-12-03,1032,Clothing,5,319.0,1595.0
339,2024-12-04,1047,Books,4,499.74,1998.96
340,2024-12-05,1075,Books,3,56.88,170.64
341,2024-12-06,1058,Clothing,7,251.79,1762.53
342,2024-12-07,1085,Books,6,195.63,1173.78
343,2024-12-08,1021,Groceries,7,433.58,3035.06
344,2024-12-09,1029,Clothing,5,240.6,1203.0
345,2024-12-10,1037,Books,6,59.93,359.58
346,2024-12-11,1050,Clothing,5,319.04,1595.2
347,2024-12-12,1053,Furniture,7,386.54,2705.78
348,2024-12-13,1007,Electronics,2,6.43,12.86
349,2024-12-14,1026,Clothing,5,430.18,2150.9
350,2024-12-15,1026,Electronics,6,97.08,582.48
351,2024-12-16,1097,Books,6,278.27,1669.62
352,2024-12-17,1020,Electronics,5,210.82,1054.1
353,2024-12-18,1029,Clothing,7,361.23,2528.61
354,2024-12-19,1096,Furniture,8,188.72,1509.76
355,2024-12-20,1027,Books,7,435.53,3048.71
356,2024-12-21,1063,Clothing,5,366.6,1833.0
357,2024-12-22,1096,Books,1,325.62,325.62
358,2024-12-23,1068,Groceries,5,399.14,1995.7
359,2024-12-24,1060,Electronics,2,378.24,756.48
360,2024-12-25,1047,Groceries,5,22.79,113.95
361,2024-12-26,1018,Clothing,5,200.39,1001.95
362,2024-12-27,1003,Furniture,2,465.75,931.5
363,2024-12-28,1034,Books,5,67.23,336.15
364,2024-12-29,1063,Electronics,4,369.86,1479.44
365,2024-12-30,1048,Books,1,487.42,487.42
366,2024-12-31,1016,Clothing,3,30.84,92.52
367,2025-01-01,1043,Books,1,342.69,342.69
368,2025-01-02,1091,Electronics,5,236.74,1183.7
369,2025-01-03,1029,Clothing,4,291.69,1166.76
370,2025-01-04,1092,Books,7,47.24,330.68
371,2025-01-05,1045,Furniture,5,26.29,131.45
372,2025-01-06,1005,Clothing,4,335.1,1340.4
373,2025-01-07,1098,Clothing,2,412.54,825.08
374,2025-01-08,1036,Furniture,4,392.1,1568.4
375,2025-01-09,1023,Groceries,2,274.18,548.36
376,2025-01-10,1092,Electronics,8,54.43,435.44
377,2025-01-11,1045,Groceries,3,345.58,1036.74
378,2025-01-12,1052,Books,9,124.73,1122.57
379,2025-01-13,1094,Furniture,4,455.98,1823.92
380,2025-01-14,1098,Groceries,6,419.94,2519.64
381,2025-01-15,1059,Clothing,5,356.14,1780.7
382,2025-01-16,1096,Books,1,474.68,474.68
383,2025-01-17,1062,Books,9,20.55,184.95
384,2025-01-18,1084,Groceries,1,369.42,369.42
385,2025-01-19,1031,Groceries,8,168.47,1347.76
386,2025-01-20,1086,Furniture,9,453.5,4081.5
387,2025-01-21,1032,Electronics,9,137.0,1233.0
388,2025-01-22,1066,Groceries,1,363.8,363.8
389,2025-01-23,1017,Groceries,2,439.44,878.88
390,2025-01-24,1024,Clothing,1,25.62,25.62
391,2025-01-25,1094,Books,2,201.84,403.68
392,2025-01-26,1053,Electronics,8,382.34,3058.72
393,2025-01-27,1057,Clothing,5,230.18,1150.9
394,2025-01-28,1066,Furniture,7,137.29,961.03
395,2025-01-29,1045,Furniture,2,113.8,227.6
396,2025-01-30,1023,Groceries,8,70.1,560.8
397,2025-01-31,1031,Groceries,6,429.28,2575.68
398,2025-02-01,1046,Furniture,8,289.8,2318.4
399,2025-02-02,1085,Groceries,1,42.81,42.81
400,2025-02-03,1022,Electronics,1,194.38,194.38
401,2025-02-04,1065,Groceries,7,187.03,1309.21
402,2025-02-05,1026,Books,8,94.96,759.68
403,2025-02-06,1001,Groceries,3,220.58,661.74
404,2025-02-07,1089,Clothing,5,169.39,846.95
405,2025-02-08,1016,Electronics,1,174.19,174.19
406,2025-02-09,1032,Clothing,7,370.82,2595.74
407,2025-02-10,1008,Clothing,5,115.52,577.6
408,2025-02-11,1042,Books,8,322.72,2581.76
409,2025-02-12,1047,Electronics,8,287.47,2299.76
410,2025-02-13,1038,Electronics,9,286.21,2575.89
411,2025-02-14,1092,Electronics,7,333.19,2332.33
412,2025-02-15,1041,Electronics,1,276.45,276.45
413,2025-02-16,1025,Electronics,3,440.23,1320.69
414,2025-02-17,1098,Books,8,339.41,2715.28
415,2025-02-18,1049,Groceries,3,275.75,827.25
416,2025-02-19,1024,Clothing,8,415.73,3325.84
417,2025-02-20,1023,Electronics,1,305.04,305.04
418,2025-02-21,1012,Groceries,5,149.12,745.6
419,2025-02-22,1059,Groceries,4,107.51,430.04
420,2025-02-23,1006,Clothing,5,80.4,402.0
421,2025-02-24,1056,Books,8,450.23,3601.84
422,2025-02-25,1035,Furniture,4,356.52,1426.08
423,2025-02-26,1044,Furniture,4,469.0,1876.0
424,2025-02-27,1019,Groceries,3,303.63,910.89
425,2025-02-28,1064,Clothing,7,239.33,1675.31
426,2025-03-01,1007,Furniture,3,34.56,103.68
427,2025-03-02,1015,Groceries,3,337.46,1012.38
428,2025-03-03,1013,Books,5,293.19,1465.95
429,2025-03-04,1075,Furniture,5,495.15,2475.75
430,2025-03-05,1086,Groceries,6,123.38,740.28
431,2025-03-06,1014,Groceries,8,267.71,2141.68
432,2025-03-07,1091,Electronics,6,327.22,1963.32
433,2025-03-08,1097,Books,1,324.07,324.07
434,2025-03-09,1065,Electronics,8,282.84,2262.72
435,2025-03-10,1031,Clothing,8,389.58,3116.64
436,2025-03-11,1086,Electronics,9,106.47,958.23
437,2025-03-12,1062,Electronics,9,364.19,3277.71
438,2025-03-13,1085,Furniture,2,311.77,623.54
439,2025-03-14,1050,Groceries,2,448.56,897.12
440,2025-03-15,1024,Books,3,424.36,1273.08
441,2025-03-16,1057,Electronics,1,161.0,161.0
442,2025-03-17,1062,Books,4,141.74,566.96
443,2025-03-18,1061,Electronics,4,490.92,1963.68
444,2025-03-19,1021,Clothing,9,266.0,2394.0
445,2025-03-20,1057,Electronics,9,453.68,4083.12
446,2025-03-21,1057,Furniture,9,86.12,775.08
447,2025-03-22,1085,Groceries,7,323.2,2262.4
448,2025-03-23,1048,Clothing,2,405.88,811.76
449,2025-03-24,1051,Electronics,5,473.96,2369.8
450,2025-03-25,1041,Books,4,171.98,687.92
451,2025-03-26,1069,Clothing,8,363.87,2910.96
452,2025-03-27,1014,Clothing,2,271.71,543.42
453,2025-03-28,1053,Electronics,6,35.01,210.06
454,2025-03-29,1059,Clothing,5,346.55,1732.75
455,2025-03-30,1096,Books,2,346.6,693.2
456,2025-03-31,1007,Clothing,1,465.65,465.65
457,2025-04-01,1052,Books,8,251.17,2009.36
458,2025-04-02,1059,Electronics,2,118.97,237.94
459,2025-04-03,1004,Groceries,7,27.06,189.42
460,2025-04-04,1067,Clothing,9,210.74,1896.66
461,2025-04-05,1005,Groceries,9,154.45,1390.05
462,2025-04-06,1095,Books,8,381.74,3053.92
463,2025-04-07,1093,Clothing,9,180.36,1623.24
464,2025-04-08,1046,Furniture,2,474.79,949.58
465,2025-04-09,1098,Groceries,6,481.34,2888.04
466,2025-04-10,1054,Clothing,4,312.35,1249.4
467,2025-04-11,1039,Groceries,4,464.69,1858.76
468,2025-04-12,1051,Clothing,5,381.62,1908.1
469,2025-04-13,1015,Electronics,3,275.7,827.1
470,2025-04-14,1012,Groceries,1,94.25,94.25
471,2025-04-15,1029,Furniture,8,232.01,1856.08
472,2025-04-16,1018,Furniture,5,282.63,1413.15
473,2025-04-17,1016,Books,3,432.66,1297.98
474,2025-04-18,1062,Clothing,7,243.26,1702.82
475,2025-04-19,1018,Groceries,7,449.35,3145.45
476,2025-04-20,1091,Books,1,338.8,338.8
477,2025-04-21,1057,Groceries,9,72.81,655.29
478,2025-04-22,1054,Clothing,2,497.52,995.04
479,2025-04-23,1089,Furniture,5,265.98,1329.9
480,2025-04-24,1089,Electronics,5,198.97,994.85
481,2025-04-25,1061,Furniture,8,331.26,2650.08
482,2025-04-26,1022,Books,8,58.9,471.2
483,2025-04-27,1008,Electronics,7,320.09,2240.63
484,2025-04-28,1011,Books,7,251.63,1761.41
485,2025-04-29,1000,Clothing,6,206.3,1237.8
486,2025-04-30,1057,Electronics,6,476.74,2860.44
487,2025-05-01,1000,Books,9,263.66,2372.94
488,2025-05-02,1033,Clothing,6,113.46,680.76
489,2025-05-03,1095,Furniture,2,232.19,464.38
490,2025-05-04,1047,Clothing,2,460.1,920.2
491,2025-05-05,1088,Groceries,5,92.17,460.85
492,2025-05-06,1000,Clothing,4,110.91,443.64
493,2025-05-07,1015,Clothing,2,11.45,22.9
494,2025-05-08,1060,Groceries,3,12.02,36.06
495,2025-05-09,1063,Books,7,415.55,2908.85
496,2025-05-10,1062,Books,8,367.4,2939.2
497,2025-05-11,1068,Clothing,6,180.75,1084.5
498,2025-05-12,1021,Groceries,5,350.66,1753.3
499,2025-05-13,1092,Groceries,1,200.63,200.63
500,2025-05-14,1066,Furniture,8,476.68,3813.44
501,2025-05-15,1075,Books,3,483.69,1451.07
502,2025-05-16,1025,Electronics,6,199.43,1196.58
503,2025-05-17,1015,Books,3,427.84,1283.52
504,2025-05-18,1050,Books,7,387.68,2713.76
505,2025-05-19,1085,Furniture,7,158.45,1109.15
506,2025-05-20,1056,Electronics,9,119.86,1078.74
507,2025-05-21,1028,Furniture,5,231.83,1159.15
508,2025-05-22,1077,Electronics,8,391.77,3134.16
509,2025-05-23,1091,Clothing,8,480.28,3842.24
510,2025-05-24,1068,Electronics,1,382.97,382.97
511,2025-05-25,1046,Furniture,5,428.33,2141.65
512,2025-05-26,1093,Books,3,303.52,910.56
513,2025-05-27,1061,Electronics,1,418.53,418.53
514,2025-05-28,1068,Electronics,4,393.29,1573.16
515,2025-05-29,1075,Groceries,8,191.61,1532.88
516,2025-05-30,1015,Books,3,278.24,834.72
517,2025-05-31,1089,Clothing,2,403.35,806.7
518,2025-06-01,1089,Furniture,9,27.8,250.2
519,2025-06-02,1047,Clothing,5,405.0,2025.0
520,2025-06-03,1084,Books,7,93.05,651.35
521,2025-06-04,1038,Electronics,2,259.77,519.54
522,2025-06-05,1099,Electronics,9,405.1,3645.9
523,2025-06-06,1032,Books,9,130.64,1175.76
524,2025-06-07,1093,Electronics,4,126.67,506.68
525,2025-06-08,1022,Electronics,4,204.37,817.48
526,2025-06-09,1009,Electronics,6,447.85,2687.1
527,2025-06-10,1068,Furniture,6,5.22,31.32
528,2025-06-11,1099,Furniture,1,451.18,451.18
529,2025-06-12,1033,Groceries,9,81.13,730.17
530,2025-06-13,1051,Clothing,2,495.09,990.18
531,2025-06-14,1094,Books,5,477.65,2388.25
532,2025-06-15,1009,Books,9,249.86,2248.74
533,2025-06-16,1018,Books,4,258.8,1035.2
534,2025-06-17,1057,Groceries,3,243.37,730.11
535,2025-06-18,1095,Furniture,7,319.54,2236.78
536,2025-06-19,1000,Groceries,6,49.91,299.46
537,2025-06-20,1068,Books,8,21.15,169.2
538,2025-06-21,1003,Clothing,3,33.56,100.68
539,2025-06-22,1015,Electronics,5,224.96,1124.8
540,2025-06-23,1023,Furniture,4,141.4,565.6
541,2025-06-24,1079,Furniture,4,312.91,1251.64
542,2025-06-25,1001,Groceries,4,496.26,1985.04
543,2025-06-26,1091,Furniture,8,196.23,1569.84
544,2025-06-27,1031,Books,6,289.05,1734.3
545,2025-06-28,1090,Books,3,210.72,632.16
546,2025-06-29,1083,Groceries,5,424.4,2122.0
547,2025-06-30,1023,Books,6,451.61,2709.66
548,2025-07-01,1011,Clothing,5,439.29,2196.45
549,2025-07-02,1049,Groceries,6,487.31,2923.86
550,2025-07-03,1034,Clothing,8,18.62,148.96
551,2025-07-04,1032,Electronics,7,420.71,2944.97
552,2025-07-05,1032,Clothing,5,377.13,1885.65
553,2025-07-06,1060,Electronics,6,118.2,709.2
554,2025-07-07,1050,Electronics,4,478.38,1913.52
555,2025-07-08,1042,Clothing,9,78.35,705.15
556,2025-07-09,1011,Groceries,4,341.38,1365.52
557,2025-07-10,1066,Books,1,116.32,116.32
558,2025-07-11,1064,Books,7,218.53,1529.71
559,2025-07-12,1032,Electronics,7,360.98,2526.86
560,2025-07-13,1039,Electronics,4,283.85,1135.4
561,2025-07-14,1073,Groceries,3,216.61,649.83
562,2025-07-15,1042,Furniture,8,166.54,1332.32
563,2025-07-16,1043,Clothing,5,420.63,2103.15
564,2025-07-17,1028,Electronics,7,76.19,533.33
565,2025-07-18,1012,Books,4,217.9,871.6
566,2025-07-19,1011,Groceries,4,452.36,1809.44
567,2025-07-20,1094,Clothing,8,423.7,3389.6
568,2025-07-21,1045,Groceries,8,203.47,1627.76
569,2025-07-22,1001,Clothing,2,382.74,765.48
570,2025-07-23,1034,Clothing,2,412.46,824.92
571,2025-07-24,1086,Electronics,3,445.0,1335.0
572,2025-07-25,1080,Groceries,3,274.53,823.59
573,2025-07-26,1089,Groceries,1,106.21,106.21
574,2025-07-27,1007,Books,3,131.38,394.14
575,2025-07-28,1092,Books,6,151.37,908.22
576,2025-07-29,1025,Electronics,8,298.93,2391.44
577,2025-07-30,1073,Electronics,6,21.24,127.44
578,2025-07-31,1089,Furniture,5,319.84,1599.2
579,2025-08-01,1033,Books,4,185.36,741.44
580,2025-08-02,1006,Clothing,3,151.14,453.42
581,2025-08-03,1067,Groceries,4,440.35,1761.4
582,2025-08-04,1057,Electronics,7,232.7,1628.9
583,2025-08-05,1074,Groceries,1,52.05,52.05
584,2025-08-06,1028,Groceries,7,414.24,2899.68
585,2025-08-07,1035,Furniture,1,28.58,28.58
586,2025-08-08,1088,Books,2,364.74,729.48
587,2025-08-09,1020,Electronics,4,388.08,1552.32
588,2025-08-10,1035,Groceries,1,179.54,179.54
589,2025-08-11,1009,Electronics,9,413.27,3719.43
590,2025-08-12,1072,Clothing,6,260.25,1561.5
591,2025-08-13,1023,Furniture,1,234.33,234.33
592,2025-08-14,1063,Clothing,1,27.47,27.47
593,2025-08-15,1098,Electronics,6,148.56,891.36
594,2025-08-16,1048,Electronics,4,465.85,1863.4
595,2025-08-17,1098,Books,4,198.95,795.8
596,2025-08-18,1035,Groceries,6,275.62,1653.72
597,2025-08-19,1081,Groceries,7,268.35,1878.45
598,2025-08-20,1095,Clothing,9,297.26,2675.34
599,2025-08-21,1023,Furniture,5,35.36,176.8
600,2025-08-22,1022,Groceries,9,184.28,1658.52
601,2025-08-23,1061,Books,4,362.95,1451.8
602,2025-08-24,1095,Clothing,2,104.28,208.56
603,2025-08-25,1036,Clothing,3,105.77,317.31
604,2025-08-26,1011,Books,1,9.99,9.99
605,2025-08-27,1054,Furniture,6,221.55,1329.3
606,2025-08-28,1012,Books,6,441.95,2651.7
607,2025-08-29,1022,Furniture,1,30.69,30.69
608,2025-08-30,1088,Books,3,99.6,298.8
609,2025-08-31,1098,Books,5,158.49,792.45
610,2025-09-01,1029,Electronics,3,367.2,1101.6
611,2025-09-02,1016,Clothing,3,322.11,966.33
612,2025-09-03,1061,Books,3,210.89,632.67
613,2025-09-04,1083,Books,5,380.74,1903.7
614,2025-09-05,1088,Groceries,5,306.77,1533.85
615,2025-09-06,1085,Clothing,4,448.54,1794.16
616,2025-09-07,1012,Groceries,1,409.92,409.92
617,2025-09-08,1058,Clothing,5,130.14,650.7
618,2025-09-09,1018,Groceries,5,139.36,696.8
619,2025-09-10,1048,Books,4,67.05,268.2
620,2025-09-11,1099,Books,6,171.8,1030.8
621,2025-09-12,1011,Electronics,4,499.77,1999.08
622,2025-09-13,1060,Groceries,7,205.85,1440.95
623,2025-09-14,1018,Furniture,7,114.14,798.98
624,2025-09-15,1075,Electronics,2,382.43,764.86
625,2025-09-16,1008,Groceries,3,273.52,820.56
626,2025-09-17,1070,Groceries,1,79.05,79.05
627,2025-09-18,1027,Electronics,8,193.44,1547.52
628,2025-09-19,1077,Books,9,210.16,1891.44
629,2025-09-20,1094,Groceries,4,378.15,1512.6
630,2025-09-21,1051,Books,6,15.23,91.38
631,2025-09-22,1082,Electronics,9,138.16,1243.44
632,2025-09-23,1015,Books,6,261.21,1567.26
633,2025-09-24,1068,Clothing,9,138.08,1242.72
634,2025-09-25,1098,Furniture,4,316.07,1264.28
635,2025-09-26,1011,Groceries,8,243.52,1948.16
636,2025-09-27,1024,Furniture,9,184.05,1656.45
637,2025-09-28,1051,Books,4,474.86,1899.44
638,2025-09-29,1084,Groceries,5,317.92,1589.6
639,2025-09-30,1099,Books,8,69.32,554.56
640,2025-10-01,1052,Clothing,6,282.25,1693.5
641,2025-10-02,1022,Electronics,7,391.46,2740.22
642,2025-10-03,1015,Groceries,3,355.7,1067.1
643,2025-10-04,1056,Clothing,7,90.18,631.26
644,2025-10-05,1038,Clothing,8,486.35,3890.8
645,2025-10-06,1052,Groceries,6,227.16,1362.96
646,2025-10-07,1041,Books,9,83.72,753.48
647,2025-10-08,1057,Clothing,6,94.2,565.2
648,2025-10-09,1038,Furniture,9,53.63,482.67
649,2025-10-10,1013,Clothing,4,402.74,1610.96
650,2025-10-11,1094,Books,8,65.41,523.28
651,2025-10-12,1004,Books,4,66.94,267.76
652,2025-10-13,1034,Furniture,2,425.98,851.96
653,2025-10-14,1086,Clothing,9,175.58,1580.22
654,2025-10-15,1092,Books,5,20.27,101.35
655,2025-10-16,1074,Groceries,4,30.69,122.76
656,2025-10-17,1017,Electronics,2,75.37,150.74
657,2025-10-18,1075,Electronics,1,110.63,110.63
658,2025-10-19,1008,Electronics,7,334.25,2339.75
659,2025-10-20,1073,Clothing,6,82.88,497.28
660,2025-10-21,1057,Furniture,2,63.84,127.68
661,2025-10-22,1016,Books,8,383.54,3068.32
662,2025-10-23,1006,Groceries,4,337.17,1348.68
663,2025-10-24,1045,Groceries,8,220.49,1763.92
664,2025-10-25,1012,Clothing,7,276.91,1938.37
665,2025-10-26,1039,Electronics,5,159.43,797.15
666,2025-10-27,1041,Clothing,8,243.84,1950.72
667,2025-10-28,1008,Furniture,9,255.8,2302.2
668,2025-10-29,1049,Furniture,5,196.68,983.4
669,2025-10-30,1026,Books,5,453.75,2268.75
670,2025-10-31,1065,Books,2,12.95,25.9
671,2025-11-01,1004,Furniture,5,392.17,1960.85
672,2025-11-02,1028,Furniture,3,66.57,199.71
673,2025-11-03,1036,Furniture,7,399.79,2798.53
674,2025-11-04,1037,Clothing,5,309.88,1549.4
675,2025-11-05,1082,Furniture,8,422.42,3379.36
676,2025-11-06,1007,Groceries,1,53.27,53.27
677,2025-11-07,1064,Electronics,3,281.7,845.1
678,2025-11-08,1085,Furniture,3,253.04,759.12
679,2025-11-09,1016,Electronics,9,354.57,3191.13
680,2025-11-10,1070,Clothing,5,269.47,1347.35
681,2025-11-11,1088,Electronics,9,272.66,2453.94
682,2025-11-12,1044,Clothing,9,217.65,1958.85
683,2025-11-13,1003,Groceries,1,157.87,157.87
684,2025-11-14,1035,Clothing,2,243.72,487.44
685,2025-11-15,1069,Clothing,5,63.65,318.25
686,2025-11-16,1030,Books,4,480.95,1923.8
687,2025-11-17,1018,Furniture,9,358.63,3227.67
688,2025-11-18,1060,Furniture,7,476.47,3335.29
689,2025-11-19,1053,Groceries,6,117.23,703.38
690,2025-11-20,1038,Groceries,7,440.27,3081.89
691,2025-11-21,1090,Furniture,1,405.35,405.35
692,2025-11-22,1073,Books,1,340.19,340.19
693,2025-11-23,1089,Furniture,8,314.39,2515.12
694,2025-11-24,1018,Books,2,161.69,323.38
695,2025-11-25,1038,Groceries,9,409.12,3682.08
696,2025-11-26,1066,Electronics,7,253.25,1772.75
697,2025-11-27,1044,Groceries,6,40.09,240.54
698,2025-11-28,1012,Groceries,1,159.87,159.87
699,2025-11-29,1091,Clothing,1,467.97,467.97
700,2025-11-30,1057,Clothing,2,426.09,852.18
701,2025-12-01,1019,Clothing,6,491.04,2946.24
702,2025-12-02,1091,Clothing,6,315.86,1895.16
703,2025-12-03,1071,Books,2,127.52,255.04
704,2025-12-04,1060,Furniture,1,85.59,85.59
705,2025-12-05,1038,Electronics,5,97.52,487.6
706,2025-12-06,1000,Groceries,5,14.8,74.0
707,2025-12-07,1002,Books,2,198.39,396.78
708,2025-12-08,1076,Electronics,6,99.76,598.56
709,2025-12-09,1091,Books,9,208.77,1878.93
710,2025-12-10,1061,Books,2,467.82,935.64
711,2025-12-11,1062,Groceries,2,218.12,436.24
712,2025-12-12,1024,Furniture,3,439.6,1318.8
713,2025-12-13,1055,Clothing,7,304.72,2133.04
714,2025-12-14,1032,Furniture,6,127.33,763.98
715,2025-12-15,1037,Groceries,8,181.15,1449.2
716,2025-12-16,1005,Groceries,8,46.54,372.32
717,2025-12-17,1057,Groceries,6,170.06,1020.36
718,2025-12-18,1043,Electronics,3,340.38,1021.14
719,2025-12-19,1044,Furniture,3,40.69,122.07
720,2025-12-20,1031,Furniture,1,106.67,106.67
721,2025-12-21,1044,Books,7,193.81,1356.67
722,2025-12-22,1060,Books,5,491.11,2455.55
723,2025-12-23,1046,Books,4,393.51,1574.04
724,2025-12-24,1020,Groceries,4,368.08,1472.32
725,2025-12-25,1079,Furniture,4,62.51,250.04
726,2025-12-26,1084,Groceries,6,391.59,2349.54
727,2025-12-27,1074,Electronics,8,393.71,3149.68
728,2025-12-28,1035,Books,8,302.55,2420.4
729,2025-12-29,1098,Groceries,5,495.23,2476.15
730,2025-12-30,1018,Groceries,6,166.0,996.0
731,2025-12-31,1019,Electronics,4,470.93,1883.72
732,2026-01-01,1056,Clothing,9,457.79,4120.11
733,2026-01-02,1017,Furniture,8,10.68,85.44
734,2026-01-03,1046,Clothing,1,227.81,227.81
735,2026-01-04,1048,Books,2,488.67,977.34
736,2026-01-05,1013,Groceries,9,56.05,504.45
737,2026-01-06,1014,Electronics,8,276.15,2209.2
738,2026-01-07,1030,Electronics,3,489.58,1468.74
739,2026-01-08,1000,Furniture,8,279.97,2239.76
740,2026-01-09,1053,Clothing,1,98.96,98.96
741,2026-01-10,1002,Furniture,4,293.18,1172.72
742,2026-01-11,1015,Groceries,3,106.2,318.6
743,2026-01-12,1086,Furniture,6,262.25,1573.5
744,2026-01-13,1056,Electronics,7,41.65,291.55
745,2026-01-14,1074,Electronics,4,304.71,1218.84
746,2026-01-15,1011,Books,7,260.81,1825.67
747,2026-01-16,1073,Books,9,371.38,3342.42
748,2026-01-17,1095,Groceries,2,317.2,634.4
749,2026-01-18,1015,Clothing,3,277.06,831.18
750,2026-01-19,1071,Furniture,5,346.44,1732.2
751,2026-01-20,1075,Groceries,3,76.25,228.75
752,2026-01-21,1023,Books,8,299.7,2397.6
753,2026-01-22,1027,Furniture,8,90.19,721.52
754,2026-01-23,1007,Books,8,463.13,3705.04
755,2026-01-24,1091,Furniture,9,38.83,349.47
756,2026-01-25,1035,Clothing,4,218.04,872.16
757,2026-01-26,1089,Groceries,5,349.42,1747.1
758,2026-01-27,1007,Furniture,5,231.72,1158.6
759,2026-01-28,1057,Electronics,8,50.59,404.72
760,2026-01-29,1059,Electronics,7,278.92,1952.44
761,2026-01-30,1049,Furniture,9,322.61,2903.49
762,2026-01-31,1027,Furniture,8,353.38,2827.04
763,2026-02-01,1091,Furniture,2,189.76,379.52
764,2026-02-02,1040,Electronics,4,284.01,1136.04
765,2026-02-03,1099,Electronics,6,228.09,1368.54
766,2026-02-04,1063,Furniture,2,337.67,675.34
767,2026-02-05,1026,Books,7,293.86,2057.02
768,2026-02-06,1062,Books,3,265.25,795.75
769,2026-02-07,1016,Clothing,3,128.51,385.53
770,2026-02-08,1072,Groceries,2,6.0,12.0
771,2026-02-09,1032,Books,8,91.17,729.36
772,2026-02-10,1083,Electronics,6,62.95,377.7
773,2026-02-11,1076,Books,1,227.3,227.3
774,2026-02-12,1091,Clothing,1,308.07,308.07
775,2026-02-13,1028,Clothing,7,110.48,773.36
776,2026-02-14,1012,Groceries,8,469.83,3758.64
777,2026-02-15,1045,Books,5,8.31,41.55
778,2026-02-16,1034,Electronics,5,387.29,1936.45
779,2026-02-17,1005,Electronics,4,314.48,1257.92
780,2026-02-18,1081,Furniture,6,189.91,1139.46
781,2026-02-19,1068,Electronics,6,29.99,179.94
782,2026-02-20,1046,Groceries,3,315.61,946.83
783,2026-02-21,1024,Groceries,9,195.88,1762.92
784,2026-02-22,1065,Electronics,7,468.45,3279.15
785,2026-02-23,1009,Electronics,1,273.29,273.29
786,2026-02-24,1055,Furniture,7,470.13,3290.91
787,2026-02-25,1029,Electronics,5,114.14,570.7
788,2026-02-26,1004,Furniture,5,364.23,1821.15
789,2026-02-27,1032,Furniture,2,310.54,621.08
790,2026-02-28,1064,Electronics,4,371.01,1484.04
791,2026-03-01,1017,Clothing,6,111.26,667.56
792,2026-03-02,1095,Clothing,7,334.17,2339.19
793,2026-03-03,1048,Furniture,5,251.53,1257.65
794,2026-03-04,1010,Electronics,9,372.7,3354.3
795,2026-03-05,1084,Clothing,3,166.89,500.67
796,2026-03-06,1025,Electronics,1,445.58,445.58
797,2026-03-07,1062,Electronics,4,46.73,186.92
798,2026-03-08,1088,Electronics,9,404.56,3641.04
799,2026-03-09,1085,Books,4,431.35,1725.4
800,2026-03-10,1058,Electronics,2,409.54,819.08
801,2026-03-11,1026,Books,5,258.8,1294.0
802,2026-03-12,1048,Furniture,3,222.0,666.0
803,2026-03-13,1076,Clothing,9,498.15,4483.35
804,2026-03-14,1032,Clothing,4,118.44,473.76
805,2026-03-15,1097,Clothing,6,275.7,1654.2
806,2026-03-16,1098,Clothing,2,336.98,673.96
807,2026-03-17,1000,Clothing,6,351.93,2111.58
808,2026-03-18,1020,Clothing,3,105.99,317.97
809,2026-03-19,1054,Clothing,9,328.73,2958.57
810,2026-03-20,1005,Furniture,2,410.09,820.18
811,2026-03-21,1091,Electronics,9,29.76,267.84
812,2026-03-22,1080,Groceries,5,456.2,2281.0
813,2026-03-23,1068,Books,8,19.6,156.8
814,2026-03-24,1094,Groceries,2,181.21,362.42
815,2026-03-25,1004,Groceries,6,12.83,76.98
816,2026-03-26,1002,Electronics,3,43.19,129.57
817,2026-03-27,1052,Electronics,5,456.03,2280.15
818,2026-03-28,1022,Electronics,8,180.66,1445.28
819,2026-03-29,1052,Clothing,1,215.26,215.26
820,2026-03-30,1036,Furniture,5,111.6,558.0
821,2026-03-31,1073,Clothing,3,300.56,901.68
822,2026-04-01,1073,Furniture,4,299.43,1197.72
823,2026-04-02,1082,Furniture,2,189.24,378.48
824,2026-04-03,1016,Groceries,9,169.85,1528.65
825,2026-04-04,1084,Groceries,3,443.06,1329.18
826,2026-04-05,1077,Furniture,2,194.73,389.46
827,2026-04-06,1072,Furniture,9,249.28,2243.52
828,2026-04-07,1000,Clothing,7,145.24,1016.68
829,2026-04-08,1050,Clothing,6,394.45,2366.7
830,2026-04-09,1044,Groceries,1,201.74,201.74
831,2026-04-10,1076,Electronics,5,259.24,1296.2
832,2026-04-11,1003,Furniture,3,130.41,391.23
833,2026-04-12,1061,Clothing,1,493.89,493.89
834,2026-04-13,1064,Groceries,4,149.29,597.16
835,2026-04-14,1031,Clothing,2,386.52,773.04
836,2026-04-15,1033,Furniture,2,216.61,433.22
837,2026-04-16,1091,Furniture,3,107.08,321.24
838,2026-04-17,1094,Books,8,400.86,3206.88
839,2026-04-18,1071,Electronics,8,170.14,1361.12
840,2026-04-19,1038,Books,7,433.27,3032.89
841,2026-04-20,1025,Groceries,6,458.05,2748.3
842,2026-04-21,1033,Clothing,9,430.61,3875.49
843,2026-04-22,1053,Groceries,4,22.33,89.32
844,2026-04-23,1002,Furniture,1,394.75,394.75
845,2026-04-24,1049,Books,8,208.61,1668.88
846,2026-04-25,1011,Books,7,437.49,3062.43
847,2026-04-26,1064,Books,7,320.79,2245.53
848,2026-04-27,1053,Groceries,3,417.65,1252.95
849,2026-04-28,1004,Furniture,4,252.22,1008.88
850,2026-04-29,1093,Clothing,9,269.84,2428.56
851,2026-04-30,1093,Clothing,6,76.47,458.82
852,2026-05-01,1056,Groceries,5,393.07,1965.35
853,2026-05-02,1016,Books,3,212.6,637.8
854,2026-05-03,1046,Electronics,9,252.54,2272.86
855,2026-05-04,1022,Groceries,5,393.62,1968.1
856,2026-05-05,1078,Groceries,5,301.43,1507.15
857,2026-05-06,1084,Furniture,4,104.54,418.16
858,2026-05-07,1013,Clothing,4,297.17,1188.68
859,2026-05-08,1065,Groceries,1,206.78,206.78
860,2026-05-09,1074,Groceries,7,237.42,1661.94
861,2026-05-10,1050,Books,9,19.01,171.09
862,2026-05-11,1037,Books,3,108.96,326.88
863,2026-05-12,1063,Electronics,2,144.11,288.22
864,2026-05-13,1097,Furniture,3,357.92,1073.76
865,2026-05-14,1037,Electronics,1,10.69,10.69
866,2026-05-15,1049,Books,6,207.34,1244.04
867,2026-05-16,1097,Clothing,7,462.39,3236.73
868,2026-05-17,1081,Books,2,60.38,120.76
869,2026-05-18,1029,Furniture,8,260.63,2085.04
870,2026-05-19,1078,Books,6,394.33,2365.98
871,2026-05-20,1090,Furniture,4,471.55,1886.2
872,2026-05-21,1050,Furniture,5,374.65,1873.25
873,2026-05-22,1062,Furniture,8,361.68,2893.44
874,2026-05-23,1097,Furniture,3,414.11,1242.33
875,2026-05-24,1051,Furniture,3,225.87,677.61
876,2026-05-25,1037,Clothing,4,403.89,1615.56
877,2026-05-26,1096,Electronics,1,8.94,8.94
878,2026-05-27,1087,Groceries,9,462.66,4163.94
879,2026-05-28,1078,Electronics,8,224.44,1795.52
880,2026-05-29,1029,Furniture,8,278.92,2231.36
881,2026-05-30,1050,Clothing,6,131.17,787.02
882,2026-05-31,1080,Books,7,372.55,2607.85
883,2026-06-01,1004,Clothing,6,42.93,257.58
884,2026-06-02,1028,Furniture,9,436.95,3932.55
885,2026-06-03,1003,Clothing,3,414.92,1244.76
886,2026-06-04,1009,Clothing,3,111.95,335.85
887,2026-06-05,1055,Furniture,3,405.62,1216.86
888,2026-06-06,1016,Clothing,3,394.25,1182.75
889,2026-06-07,1073,Groceries,9,317.95,2861.55
890,2026-06-08,1016,Groceries,4,189.89,759.56
891,2026-06-09,1083,Clothing,7,139.39,975.73
892,2026-06-10,1087,Books,9,119.73,1077.57
893,2026-06-11,1068,Furniture,7,162.71,1138.97
894,2026-06-12,1033,Groceries,9,452.26,4070.34
895,2026-06-13,1005,Books,3,43.43,130.29
896,2026-06-14,1052,Clothing,4,415.29,1661.16
897,2026-06-15,1065,Books,8,177.7,1421.6
898,2026-06-16,1076,Electronics,6,263.19,1579.14
899,2026-06-17,1042,Groceries,5,398.27,1991.35
900,2026-06-18,1074,Clothing,4,442.77,1771.08
901,2026-06-19,1022,Furniture,8,175.67,1405.36
902,2026-06-20,1054,Clothing,1,233.61,233.61
903,2026-06-21,1079,Furniture,9,210.19,1891.71
904,2026-06-22,1094,Clothing,1,11.56,11.56
905,2026-06-23,1074,Books,8,151.49,1211.92
906,2026-06-24,1015,Books,4,232.3,929.2
907,2026-06-25,1007,Books,9,208.49,1876.41
908,2026-06-26,1003,Electronics,5,362.35,1811.75
909,2026-06-27,1003,Furniture,3,195.48,586.44
910,2026-06-28,1055,Books,9,247.24,2225.16
911,2026-06-29,1024,Electronics,9,217.66,1958.94
912,2026-06-30,1066,Furniture,4,371.61,1486.44
913,2026-07-01,1095,Clothing,4,432.17,1728.68
914,2026-07-02,1066,Electronics,8,268.29,2146.32
915,2026-07-03,1026,Groceries,2,395.77,791.54
916,2026-07-04,1092,Electronics,9,151.91,1367.19
917,2026-07-05,1031,Electronics,6,272.98,1637.88
918,2026-07-06,1049,Furniture,9,175.89,1583.01
919,2026-07-07,1060,Clothing,8,210.03,1680.24
920,2026-07-08,1050,Groceries,7,367.54,2572.78
921,2026-07-09,1018,Books,1,441.42,441.42
922,2026-07-10,1020,Books,3,65.14,195.42
923,2026-07-11,1004,Electronics,2,319.15,638.3
924,2026-07-12,1081,Furniture,5,293.16,1465.8
925,2026-07-13,1091,Furniture,5,63.62,318.1
926,2026-07-14,1041,Books,5,109.89,549.45
927,2026-07-15,1060,Groceries,4,158.95,635.8
928,2026-07-16,1021,Clothing,5,87.63,438.15
929,2026-07-17,1020,Groceries,3,125.65,376.95
930,2026-07-18,1069,Clothing,1,137.46,137.46
931,2026-07-19,1000,Books,5,171.16,855.8
932,2026-07-20,1004,Clothing,9,375.95,3383.55
933,2026-07-21,1011,Furniture,9,288.1,2592.9
934,2026-07-22,1089,Electronics,4,493.19,1972.76
935,2026-07-23,1045,Electronics,3,210.29,630.87
936,2026-07-24,1033,Books,1,378.16,378.16
937,2026-07-25,1048,Furniture,2,436.38,872.76
938,2026-07-26,1077,Groceries,8,341.09,2728.72
939,2026-07-27,1089,Furniture,1,208.87,208.87
940,2026-07-28,1044,Electronics,8,378.03,3024.24
941,2026-07-29,1026,Electronics,7,105.82,740.74
942,2026-07-30,1072,Furniture,8,167.14,1337.12
943,2026-07-31,1025,Furniture,6,275.61,1653.66
944,2026-08-01,1046,Electronics,9,289.83,2608.47
945,2026-08-02,1085,Groceries,3,15.96,47.88
946,2026-08-03,1055,Books,4,472.83,1891.32
947,2026-08-04,1093,Books,6,349.83,2098.98
948,2026-08-05,1062,Furniture,8,250.37,2002.96
949,2026-08-06,1047,Books,5,466.9,2334.5
950,2026-08-07,1060,Electronics,3,222.35,667.05
951,2026-08-08,1080,Electronics,6,490.32,2941.92
952,2026-08-09,1025,Furniture,4,258.58,1034.32
953,2026-08-10,1035,Furniture,9,61.57,554.13
954,2026-08-11,1000,Furniture,3,383.58,1150.74
955,2026-08-12,1007,Groceries,4,341.05,1364.2
956,2026-08-13,1098,Books,7,387.63,2713.41
957,2026-08-14,1051,Furniture,7,475.96,3331.72
958,2026-08-15,1078,Clothing,4,389.36,1557.44
959,2026-08-16,1046,Clothing,6,307.61,1845.66
960,2026-08-17,1055,Electronics,3,429.37,1288.11
961,2026-08-18,1085,Books,6,338.26,2029.56
962,2026-08-19,1013,Furniture,2,207.02,414.04
963,2026-08-20,1089,Clothing,8,443.38,3547.04
964,2026-08-21,1027,Books,2,114.84,229.68
965,2026-08-22,1086,Electronics,7,358.75,2511.25
966,2026-08-23,1077,Groceries,9,441.37,3972.33
967,2026-08-24,1087,Books,1,367.0,367.0
968,2026-08-25,1001,Books,8,350.15,2801.2
969,2026-08-26,1025,Groceries,7,377.56,2642.92
970,2026-08-27,1013,Books,6,235.2,1411.2
971,2026-08-28,1058,Electronics,6,437.71,2626.26
972,2026-08-29,1055,Electronics,6,105.7,634.2
973,2026-08-30,1006,Groceries,9,68.06,612.54
974,2026-08-31,1002,Furniture,2,146.33,292.66
975,2026-09-01,1022,Clothing,1,268.13,268.13
976,2026-09-02,1017,Furniture,6,257.73,1546.38
977,2026-09-03,1037,Books,8,411.2,3289.6
978,2026-09-04,1098,Clothing,3,205.26,615.78
979,2026-09-05,1014,Groceries,1,244.75,244.75
980,2026-09-06,1063,Groceries,9,11.62,104.58
981,2026-09-07,1088,Clothing,1,207.82,207.82
982,2026-09-08,1027,Electronics,3,325.65,976.95
983,2026-09-09,1073,Clothing,8,12.68,101.44
984,2026-09-10,1038,Books,3,144.04,432.12
985,2026-09-11,1056,Electronics,4,107.94,431.76
986,2026-09-12,1016,Groceries,8,25.78,206.24
987,2026-09-13,1085,Clothing,1,242.23,242.23
988,2026-09-14,1089,Furniture,6,94.95,569.7
989,2026-09-15,1043,Furniture,1,372.83,372.83
990,2026-09-16,1024,Books,1,424.72,424.72
991,2026-09-17,1016,Furniture,8,275.06,2200.48
992,2026-09-18,1012,Clothing,4,490.95,1963.8
993,2026-09-19,1083,Clothing,1,227.99,227.99
994,2026-09-20,1024,Furniture,7,259.12,1813.84
995,2026-09-21,1067,Clothing,5,494.66,2473.3
996,2026-09-22,1009,Books,5,119.62,598.1
997,2026-09-23,1066,Electronics,1,471.56,471.56
998,2026-09-24,1017,Books,6,26.2,157.2
999,2026-09-25,1099,Books,9,225.96,2033.64
1000,2026-09-26,1085,Clothing,9,39.65,356.85
